<?xml version="1.0" encoding="UTF-8"?>
<!-- Created with PowerFactory 20.0.6.0 (digcimdb.dll ServicePack 0) -->
<rdf:RDF xmlns:cim="http://iec.ch/TC57/2013/CIM-schema-cim16#" xmlns:entsoe="http://entsoe.eu/CIM/SchemaExtension/3/1#" xmlns:md="http://iec.ch/TC57/61970-552/ModelDescription/1#" xmlns:rdf="http://www.w3.org/1999/02/22-rdf-syntax-ns#">
  <md:FullModel rdf:about="urn:uuid:a030891b-f250-4dae-9472-352dac8aa886">
    <md:Model.DependentOn rdf:resource="urn:uuid:03a2a506-21ed-46dc-b422-43054d80f733" />
    <md:Model.DependentOn rdf:resource="urn:uuid:5ba22f98-d17c-4855-a433-d50a1e6acfb0" />
    <md:Model.created>2021-08-05T13:27:38Z</md:Model.created>
    <md:Model.modelingAuthoritySet>www.unal.edu.co</md:Model.modelingAuthoritySet>
    <md:Model.profile>http://entsoe.eu/CIM/StateVariables/4/1</md:Model.profile>
    <md:Model.scenarioTime>2021-07-22T16:07:23Z</md:Model.scenarioTime>
  </md:FullModel>
  <cim:SvTapStep rdf:ID="_144e5016-5255-432f-a183-7a7aa3e18a99">
    <cim:SvTapStep.TapChanger rdf:resource="#_be3cb410-6c0c-a37a-5c8b-85e022179e7e" />
    <cim:SvTapStep.position>5.</cim:SvTapStep.position>
  </cim:SvTapStep>
  <cim:SvPowerFlow rdf:ID="_a37dbdbe-53b3-4aa9-b03d-7b87ed2ecd5c">
    <cim:SvPowerFlow.Terminal rdf:resource="#_fd0f4f18-9980-5d2c-18ac-4d3e63142f1b" />
    <cim:SvPowerFlow.p>0.</cim:SvPowerFlow.p>
    <cim:SvPowerFlow.q>0.</cim:SvPowerFlow.q>
  </cim:SvPowerFlow>
  <cim:SvPowerFlow rdf:ID="_86305b98-0eab-4c6b-af25-e7cb2faffa24">
    <cim:SvPowerFlow.Terminal rdf:resource="#_41ddcb2d-1888-22b1-711a-28cfcd146789" />
    <cim:SvPowerFlow.p>-10.0265</cim:SvPowerFlow.p>
    <cim:SvPowerFlow.q>-2.33013</cim:SvPowerFlow.q>
  </cim:SvPowerFlow>
  <cim:SvPowerFlow rdf:ID="_15f7bba5-cd9b-4a98-988c-8071a1befd75">
    <cim:SvPowerFlow.Terminal rdf:resource="#_65093fa0-eb90-4ff0-e549-1cf7269a52f1" />
    <cim:SvPowerFlow.p>0.</cim:SvPowerFlow.p>
    <cim:SvPowerFlow.q>0.</cim:SvPowerFlow.q>
  </cim:SvPowerFlow>
  <cim:SvPowerFlow rdf:ID="_c107fbe7-abc5-48b0-9327-7825fb19b282">
    <cim:SvPowerFlow.Terminal rdf:resource="#_791bd734-056d-fbcc-8f48-ef50109d2442" />
    <cim:SvPowerFlow.p>0.</cim:SvPowerFlow.p>
    <cim:SvPowerFlow.q>0.</cim:SvPowerFlow.q>
  </cim:SvPowerFlow>
  <cim:SvPowerFlow rdf:ID="_524f682a-f220-4fb3-a4b4-a93101a50973">
    <cim:SvPowerFlow.Terminal rdf:resource="#_ef328393-729b-65d9-7e2c-b759af3a9f3d" />
    <cim:SvPowerFlow.p>5.</cim:SvPowerFlow.p>
    <cim:SvPowerFlow.q>1.</cim:SvPowerFlow.q>
  </cim:SvPowerFlow>
  <cim:SvPowerFlow rdf:ID="_378ff147-5b6e-4357-a3cb-c4b67d6b3333">
    <cim:SvPowerFlow.Terminal rdf:resource="#_ba53000f-9a9f-3823-a101-42c31e56b31c" />
    <cim:SvPowerFlow.p>5.</cim:SvPowerFlow.p>
    <cim:SvPowerFlow.q>1.</cim:SvPowerFlow.q>
  </cim:SvPowerFlow>
  <cim:SvVoltage rdf:ID="_1daf3b4c-52e3-41d8-a5e2-9c926d5972a4">
    <cim:SvVoltage.TopologicalNode rdf:resource="#_bfd89b70-a14e-5f41-c134-ea4727a81516" />
    <cim:SvVoltage.angle>0.</cim:SvVoltage.angle>
    <cim:SvVoltage.v>230.</cim:SvVoltage.v>
  </cim:SvVoltage>
  <cim:SvVoltage rdf:ID="_068d2631-c122-414f-85ca-b04a77881094">
    <cim:SvVoltage.TopologicalNode rdf:resource="#_262d5b2a-15dc-accc-446a-59eb549096ca" />
    <cim:SvVoltage.angle>-1.45116</cim:SvVoltage.angle>
    <cim:SvVoltage.v>110.443</cim:SvVoltage.v>
  </cim:SvVoltage>
  <cim:SvVoltage rdf:ID="_e9dc4e64-3886-4006-9f11-90766dcff7c7">
    <cim:SvVoltage.TopologicalNode rdf:resource="#_3e639c8c-f404-5d6c-5aaa-d1a90f5912da" />
    <cim:SvVoltage.angle>-1.59025</cim:SvVoltage.angle>
    <cim:SvVoltage.v>10.0395</cim:SvVoltage.v>
  </cim:SvVoltage>
  <cim:TopologicalIsland rdf:ID="_8618fbdc-5747-4ef3-b58a-d75f130383ea">
    <cim:IdentifiedObject.name>Island_001</cim:IdentifiedObject.name>
    <cim:TopologicalIsland.AngleRefTopologicalNode rdf:resource="#_bfd89b70-a14e-5f41-c134-ea4727a81516" />
    <cim:TopologicalIsland.TopologicalNodes rdf:resource="#_bfd89b70-a14e-5f41-c134-ea4727a81516" />
    <cim:TopologicalIsland.TopologicalNodes rdf:resource="#_262d5b2a-15dc-accc-446a-59eb549096ca" />
    <cim:TopologicalIsland.TopologicalNodes rdf:resource="#_3e639c8c-f404-5d6c-5aaa-d1a90f5912da" />
  </cim:TopologicalIsland>
</rdf:RDF>