<?xml version="1.0" encoding="UTF-8"?>
<!-- Created with PowerFactory 20.0.6.0 (digcimdb.dll ServicePack 0) -->
<rdf:RDF xmlns:cim="http://iec.ch/TC57/2013/CIM-schema-cim16#" xmlns:entsoe="http://entsoe.eu/CIM/SchemaExtension/3/1#" xmlns:md="http://iec.ch/TC57/61970-552/ModelDescription/1#" xmlns:rdf="http://www.w3.org/1999/02/22-rdf-syntax-ns#">
  <md:FullModel rdf:about="urn:uuid:4f8e29db-ffa9-49f4-8a2b-35ecaea3b41b">
    <md:Model.created>2021-08-05T13:27:38Z</md:Model.created>
    <md:Model.modelingAuthoritySet>www.unal.edu.co</md:Model.modelingAuthoritySet>
    <md:Model.profile>http://entsoe.eu/CIM/EquipmentCore/3/1</md:Model.profile>
    <md:Model.profile>http://entsoe.eu/CIM/EquipmentOperation/3/1</md:Model.profile>
    <md:Model.profile>http://entsoe.eu/CIM/EquipmentShortCircuit/3/1</md:Model.profile>
    <md:Model.scenarioTime>2021-07-22T16:07:23Z</md:Model.scenarioTime>
  </md:FullModel>
  <cim:OperationalLimitSet rdf:ID="_f0332d0e-1c61-3db4-91a1-6855038de5e0">
    <cim:IdentifiedObject.name>Voltage limits for Node2</cim:IdentifiedObject.name>
    <cim:OperationalLimitSet.Terminal rdf:resource="#_65093fa0-eb90-4ff0-e549-1cf7269a52f1" />
  </cim:OperationalLimitSet>
  <cim:OperationalLimitSet rdf:ID="_9dacddf1-b074-42c8-e874-887a79d5ae04">
    <cim:IdentifiedObject.name>Voltage limits for Node4</cim:IdentifiedObject.name>
    <cim:OperationalLimitSet.Terminal rdf:resource="#_791bd734-056d-fbcc-8f48-ef50109d2442" />
  </cim:OperationalLimitSet>
  <cim:OperationalLimitSet rdf:ID="_0c11dc27-2026-ca8a-770a-d004208a4943">
    <cim:IdentifiedObject.name>Current rating for 3-Winding Tra</cim:IdentifiedObject.name>
    <cim:OperationalLimitSet.Terminal rdf:resource="#_fd0f4f18-9980-5d2c-18ac-4d3e63142f1b" />
  </cim:OperationalLimitSet>
  <cim:OperationalLimitSet rdf:ID="_1d042f8f-0242-e066-7653-a0e3edcb378a">
    <cim:IdentifiedObject.name>Current rating for 3-Winding Tra</cim:IdentifiedObject.name>
    <cim:OperationalLimitSet.Terminal rdf:resource="#_791bd734-056d-fbcc-8f48-ef50109d2442" />
  </cim:OperationalLimitSet>
  <cim:OperationalLimitSet rdf:ID="_6a313729-bc90-7b5e-b060-c6743144d865">
    <cim:IdentifiedObject.name>Current rating for 3-Winding Tra</cim:IdentifiedObject.name>
    <cim:OperationalLimitSet.Terminal rdf:resource="#_65093fa0-eb90-4ff0-e549-1cf7269a52f1" />
  </cim:OperationalLimitSet>
  <cim:OperationalLimitSet rdf:ID="_27f0ff51-4686-e4b1-9928-44091839f220">
    <cim:IdentifiedObject.name>Voltage limits for Node3</cim:IdentifiedObject.name>
    <cim:OperationalLimitSet.Terminal rdf:resource="#_fd0f4f18-9980-5d2c-18ac-4d3e63142f1b" />
  </cim:OperationalLimitSet>
  <cim:VoltageLimit rdf:ID="_f6b9c550-d905-63ce-6854-d3085982643d">
    <cim:IdentifiedObject.name>high limit for Node3</cim:IdentifiedObject.name>
    <cim:OperationalLimit.OperationalLimitSet rdf:resource="#_27f0ff51-4686-e4b1-9928-44091839f220" />
    <cim:OperationalLimit.OperationalLimitType rdf:resource="#_58234e5b-56b2-8848-1b17-48a62acabede" />
    <cim:VoltageLimit.value>115.5</cim:VoltageLimit.value>
  </cim:VoltageLimit>
  <cim:VoltageLimit rdf:ID="_41edc5e9-f564-cec1-e100-728fed4a9537">
    <cim:IdentifiedObject.name>high limit for Node4</cim:IdentifiedObject.name>
    <cim:OperationalLimit.OperationalLimitSet rdf:resource="#_9dacddf1-b074-42c8-e874-887a79d5ae04" />
    <cim:OperationalLimit.OperationalLimitType rdf:resource="#_58234e5b-56b2-8848-1b17-48a62acabede" />
    <cim:VoltageLimit.value>10.5</cim:VoltageLimit.value>
  </cim:VoltageLimit>
  <cim:VoltageLimit rdf:ID="_bd643fb1-dcf3-7a3b-5e7d-5964a99577e3">
    <cim:IdentifiedObject.name>high limit for Node2</cim:IdentifiedObject.name>
    <cim:OperationalLimit.OperationalLimitSet rdf:resource="#_f0332d0e-1c61-3db4-91a1-6855038de5e0" />
    <cim:OperationalLimit.OperationalLimitType rdf:resource="#_58234e5b-56b2-8848-1b17-48a62acabede" />
    <cim:VoltageLimit.value>241.5</cim:VoltageLimit.value>
  </cim:VoltageLimit>
  <cim:ConformLoad rdf:ID="_0744af44-d469-45ba-9286-efaffafb2034">
    <cim:ConformLoad.LoadGroup rdf:resource="#_ebb0d27a-254b-06f7-7b48-dfe574afdbd9" />
    <cim:EnergyConsumer.LoadResponse rdf:resource="#_8d50361c-5afa-1d25-418f-96392e2ebfb2" />
    <cim:Equipment.EquipmentContainer rdf:resource="#_dac12fbb-d7e0-250f-af8d-f49e726b09e5" />
    <cim:IdentifiedObject.name>Load1</cim:IdentifiedObject.name>
  </cim:ConformLoad>
  <cim:ConformLoad rdf:ID="_65db9bf0-14ef-474f-b345-071a8a2abd37">
    <cim:ConformLoad.LoadGroup rdf:resource="#_ebb0d27a-254b-06f7-7b48-dfe574afdbd9" />
    <cim:EnergyConsumer.LoadResponse rdf:resource="#_8d50361c-5afa-1d25-418f-96392e2ebfb2" />
    <cim:Equipment.EquipmentContainer rdf:resource="#_bf9150a8-6eb7-f4f8-656e-7fe1f41dd6ac" />
    <cim:IdentifiedObject.name>Load2</cim:IdentifiedObject.name>
  </cim:ConformLoad>
  <cim:Terminal rdf:ID="_3e500fc3-2f5e-0658-9d00-78af56290a32">
    <cim:ACDCTerminal.sequenceNumber>1</cim:ACDCTerminal.sequenceNumber>
    <cim:IdentifiedObject.name>Node3</cim:IdentifiedObject.name>
    <cim:Terminal.ConductingEquipment rdf:resource="#_3db0821b-e01e-da26-1c4f-01d430c0ffab" />
    <cim:Terminal.ConnectivityNode rdf:resource="#_a3f5e488-4a76-4a87-8ff6-7247f1398359" />
    <cim:Terminal.phases rdf:resource="http://iec.ch/TC57/2013/CIM-schema-cim16#PhaseCode.ABC" />
  </cim:Terminal>
  <cim:Terminal rdf:ID="_539e145a-9c83-1d88-f6a4-fafaaf1f0867">
    <cim:ACDCTerminal.sequenceNumber>1</cim:ACDCTerminal.sequenceNumber>
    <cim:IdentifiedObject.name>Node2</cim:IdentifiedObject.name>
    <cim:Terminal.ConductingEquipment rdf:resource="#_7fe162f7-56c1-1f15-d676-c0720ca6db5d" />
    <cim:Terminal.ConnectivityNode rdf:resource="#_5f7d6ecd-fb6d-4be8-84b7-967ef90709ca" />
    <cim:Terminal.phases rdf:resource="http://iec.ch/TC57/2013/CIM-schema-cim16#PhaseCode.ABC" />
  </cim:Terminal>
  <cim:Terminal rdf:ID="_ef328393-729b-65d9-7e2c-b759af3a9f3d">
    <cim:ACDCTerminal.sequenceNumber>1</cim:ACDCTerminal.sequenceNumber>
    <cim:IdentifiedObject.name>Cub_2</cim:IdentifiedObject.name>
    <cim:Terminal.ConductingEquipment rdf:resource="#_65db9bf0-14ef-474f-b345-071a8a2abd37" />
    <cim:Terminal.ConnectivityNode rdf:resource="#_fdb35a96-d251-43f5-b5cd-46f3c4424c01" />
    <cim:Terminal.phases rdf:resource="http://iec.ch/TC57/2013/CIM-schema-cim16#PhaseCode.ABC" />
  </cim:Terminal>
  <cim:Terminal rdf:ID="_ba53000f-9a9f-3823-a101-42c31e56b31c">
    <cim:ACDCTerminal.sequenceNumber>1</cim:ACDCTerminal.sequenceNumber>
    <cim:IdentifiedObject.name>Cub_2</cim:IdentifiedObject.name>
    <cim:Terminal.ConductingEquipment rdf:resource="#_0744af44-d469-45ba-9286-efaffafb2034" />
    <cim:Terminal.ConnectivityNode rdf:resource="#_a3f5e488-4a76-4a87-8ff6-7247f1398359" />
    <cim:Terminal.phases rdf:resource="http://iec.ch/TC57/2013/CIM-schema-cim16#PhaseCode.ABC" />
  </cim:Terminal>
  <cim:Terminal rdf:ID="_8d01a278-bd44-ba93-1017-ea819795d2a1">
    <cim:ACDCTerminal.sequenceNumber>1</cim:ACDCTerminal.sequenceNumber>
    <cim:IdentifiedObject.name>Node4</cim:IdentifiedObject.name>
    <cim:Terminal.ConductingEquipment rdf:resource="#_8c964564-57a7-8dd7-8fde-ccd41667585a" />
    <cim:Terminal.ConnectivityNode rdf:resource="#_fdb35a96-d251-43f5-b5cd-46f3c4424c01" />
    <cim:Terminal.phases rdf:resource="http://iec.ch/TC57/2013/CIM-schema-cim16#PhaseCode.ABC" />
  </cim:Terminal>
  <cim:Terminal rdf:ID="_41ddcb2d-1888-22b1-711a-28cfcd146789">
    <cim:ACDCTerminal.sequenceNumber>1</cim:ACDCTerminal.sequenceNumber>
    <cim:IdentifiedObject.name>Cub_1</cim:IdentifiedObject.name>
    <cim:Terminal.ConductingEquipment rdf:resource="#_4fe52e09-802d-4da0-a346-1ebcc83324cc" />
    <cim:Terminal.ConnectivityNode rdf:resource="#_5f7d6ecd-fb6d-4be8-84b7-967ef90709ca" />
    <cim:Terminal.phases rdf:resource="http://iec.ch/TC57/2013/CIM-schema-cim16#PhaseCode.ABC" />
  </cim:Terminal>
  <cim:Terminal rdf:ID="_fd0f4f18-9980-5d2c-18ac-4d3e63142f1b">
    <cim:ACDCTerminal.sequenceNumber>2</cim:ACDCTerminal.sequenceNumber>
    <cim:IdentifiedObject.name>Cub_1</cim:IdentifiedObject.name>
    <cim:Terminal.ConductingEquipment rdf:resource="#_3911ce61-b725-4fc1-86ef-9446814a85f4" />
    <cim:Terminal.ConnectivityNode rdf:resource="#_a3f5e488-4a76-4a87-8ff6-7247f1398359" />
    <cim:Terminal.phases rdf:resource="http://iec.ch/TC57/2013/CIM-schema-cim16#PhaseCode.ABC" />
  </cim:Terminal>
  <cim:Terminal rdf:ID="_791bd734-056d-fbcc-8f48-ef50109d2442">
    <cim:ACDCTerminal.sequenceNumber>3</cim:ACDCTerminal.sequenceNumber>
    <cim:IdentifiedObject.name>Cub_1</cim:IdentifiedObject.name>
    <cim:Terminal.ConductingEquipment rdf:resource="#_3911ce61-b725-4fc1-86ef-9446814a85f4" />
    <cim:Terminal.ConnectivityNode rdf:resource="#_fdb35a96-d251-43f5-b5cd-46f3c4424c01" />
    <cim:Terminal.phases rdf:resource="http://iec.ch/TC57/2013/CIM-schema-cim16#PhaseCode.ABC" />
  </cim:Terminal>
  <cim:Terminal rdf:ID="_65093fa0-eb90-4ff0-e549-1cf7269a52f1">
    <cim:ACDCTerminal.sequenceNumber>1</cim:ACDCTerminal.sequenceNumber>
    <cim:IdentifiedObject.name>Cub_2</cim:IdentifiedObject.name>
    <cim:Terminal.ConductingEquipment rdf:resource="#_3911ce61-b725-4fc1-86ef-9446814a85f4" />
    <cim:Terminal.ConnectivityNode rdf:resource="#_5f7d6ecd-fb6d-4be8-84b7-967ef90709ca" />
    <cim:Terminal.phases rdf:resource="http://iec.ch/TC57/2013/CIM-schema-cim16#PhaseCode.ABC" />
  </cim:Terminal>
  <cim:BusbarSection rdf:ID="_7fe162f7-56c1-1f15-d676-c0720ca6db5d">
    <cim:Equipment.EquipmentContainer rdf:resource="#_c67090ec-6a24-d763-851e-567b8fcfde32" />
    <cim:IdentifiedObject.name>Node2</cim:IdentifiedObject.name>
  </cim:BusbarSection>
  <cim:BusbarSection rdf:ID="_3db0821b-e01e-da26-1c4f-01d430c0ffab">
    <cim:Equipment.EquipmentContainer rdf:resource="#_dac12fbb-d7e0-250f-af8d-f49e726b09e5" />
    <cim:IdentifiedObject.name>Node3</cim:IdentifiedObject.name>
  </cim:BusbarSection>
  <cim:BusbarSection rdf:ID="_8c964564-57a7-8dd7-8fde-ccd41667585a">
    <cim:Equipment.EquipmentContainer rdf:resource="#_bf9150a8-6eb7-f4f8-656e-7fe1f41dd6ac" />
    <cim:IdentifiedObject.name>Node4</cim:IdentifiedObject.name>
  </cim:BusbarSection>
  <cim:SubLoadArea rdf:ID="_d8b13666-754c-6883-9c92-21710e6b0999">
    <cim:IdentifiedObject.name>Load1</cim:IdentifiedObject.name>
    <cim:SubLoadArea.LoadArea rdf:resource="#_5876edde-1601-b4c8-32b8-322922b3afd4" />
  </cim:SubLoadArea>
  <cim:BaseVoltage rdf:ID="_41d1b3fb-1ebf-fa0d-7911-edaef51f0adf">
    <cim:BaseVoltage.nominalVoltage>110.</cim:BaseVoltage.nominalVoltage>
    <cim:IdentifiedObject.description>BaseVoltage 110.00 kV</cim:IdentifiedObject.description>
    <cim:IdentifiedObject.name>110.00 kV</cim:IdentifiedObject.name>
    <entsoe:IdentifiedObject.shortName>110.00 kV</entsoe:IdentifiedObject.shortName>
  </cim:BaseVoltage>
  <cim:BaseVoltage rdf:ID="_e571d826-d399-0ae5-e7f0-f589a5095843">
    <cim:BaseVoltage.nominalVoltage>10.</cim:BaseVoltage.nominalVoltage>
    <cim:IdentifiedObject.description>BaseVoltage 10.00 kV</cim:IdentifiedObject.description>
    <cim:IdentifiedObject.name>10.00 kV</cim:IdentifiedObject.name>
    <entsoe:IdentifiedObject.shortName>10.00 kV</entsoe:IdentifiedObject.shortName>
  </cim:BaseVoltage>
  <cim:BaseVoltage rdf:ID="_3d1fcabe-97b1-1abd-fb1c-dac9d8d244f5">
    <cim:BaseVoltage.nominalVoltage>230.</cim:BaseVoltage.nominalVoltage>
    <cim:IdentifiedObject.description>BaseVoltage 230.00 kV</cim:IdentifiedObject.description>
    <cim:IdentifiedObject.name>230.00 kV</cim:IdentifiedObject.name>
    <entsoe:IdentifiedObject.shortName>230.00 kV</entsoe:IdentifiedObject.shortName>
  </cim:BaseVoltage>
  <cim:OperationalLimitType rdf:ID="_58234e5b-56b2-8848-1b17-48a62acabede">
    <cim:IdentifiedObject.name>highVoltage</cim:IdentifiedObject.name>
    <entsoe:OperationalLimitType.limitType rdf:resource="http://entsoe.eu/CIM/SchemaExtension/3/1#LimitTypeKind.highVoltage" />
  </cim:OperationalLimitType>
  <cim:OperationalLimitType rdf:ID="_b7d77869-70d9-2b77-4a68-c3d2fbb579f5">
    <cim:IdentifiedObject.name>patl</cim:IdentifiedObject.name>
    <cim:OperationalLimitType.direction rdf:resource="http://iec.ch/TC57/2013/CIM-schema-cim16#OperationalLimitDirectionKind.absoluteValue" />
    <entsoe:OperationalLimitType.limitType rdf:resource="http://entsoe.eu/CIM/SchemaExtension/3/1#LimitTypeKind.patl" />
  </cim:OperationalLimitType>
  <cim:PowerTransformer rdf:ID="_3911ce61-b725-4fc1-86ef-9446814a85f4">
    <cim:Equipment.EquipmentContainer rdf:resource="#_654bdcca-2806-2db9-6c64-bf2ebb0ea915" />
    <cim:IdentifiedObject.name>3-Winding Transformer</cim:IdentifiedObject.name>
    <cim:PowerTransformer.isPartOfGeneratorUnit>false</cim:PowerTransformer.isPartOfGeneratorUnit>
    <cim:PowerTransformer.operationalValuesConsidered>false</cim:PowerTransformer.operationalValuesConsidered>
  </cim:PowerTransformer>
  <cim:ConformLoadGroup rdf:ID="_ebb0d27a-254b-06f7-7b48-dfe574afdbd9">
    <cim:IdentifiedObject.name>Load1</cim:IdentifiedObject.name>
    <cim:LoadGroup.SubLoadArea rdf:resource="#_d8b13666-754c-6883-9c92-21710e6b0999" />
  </cim:ConformLoadGroup>
  <cim:CurrentLimit rdf:ID="_12fad666-abc5-6a9f-6d2b-dc7a21c117d3">
    <cim:CurrentLimit.value>138.062</cim:CurrentLimit.value>
    <cim:IdentifiedObject.name>patl for 3-Winding Transformer</cim:IdentifiedObject.name>
    <cim:OperationalLimit.OperationalLimitSet rdf:resource="#_6a313729-bc90-7b5e-b060-c6743144d865" />
    <cim:OperationalLimit.OperationalLimitType rdf:resource="#_b7d77869-70d9-2b77-4a68-c3d2fbb579f5" />
  </cim:CurrentLimit>
  <cim:CurrentLimit rdf:ID="_7ac8df12-a977-8ce2-9876-8b1eba823b68">
    <cim:CurrentLimit.value>866.025</cim:CurrentLimit.value>
    <cim:IdentifiedObject.name>patl for 3-Winding Transformer</cim:IdentifiedObject.name>
    <cim:OperationalLimit.OperationalLimitSet rdf:resource="#_1d042f8f-0242-e066-7653-a0e3edcb378a" />
    <cim:OperationalLimit.OperationalLimitType rdf:resource="#_b7d77869-70d9-2b77-4a68-c3d2fbb579f5" />
  </cim:CurrentLimit>
  <cim:CurrentLimit rdf:ID="_d51e81fd-a223-b27e-1c84-3c5aee1bf6c4">
    <cim:CurrentLimit.value>288.675</cim:CurrentLimit.value>
    <cim:IdentifiedObject.name>patl for 3-Winding Transformer</cim:IdentifiedObject.name>
    <cim:OperationalLimit.OperationalLimitSet rdf:resource="#_0c11dc27-2026-ca8a-770a-d004208a4943" />
    <cim:OperationalLimit.OperationalLimitType rdf:resource="#_b7d77869-70d9-2b77-4a68-c3d2fbb579f5" />
  </cim:CurrentLimit>
  <cim:PowerTransformerEnd rdf:ID="_ae92874b-0784-cbca-d905-f4564059f766">
    <cim:IdentifiedObject.name>3-Winding Transformer</cim:IdentifiedObject.name>
    <cim:PowerTransformerEnd.PowerTransformer rdf:resource="#_3911ce61-b725-4fc1-86ef-9446814a85f4" />
    <cim:PowerTransformerEnd.b>0.</cim:PowerTransformerEnd.b>
    <cim:PowerTransformerEnd.b0>0.</cim:PowerTransformerEnd.b0>
    <cim:PowerTransformerEnd.connectionKind rdf:resource="http://iec.ch/TC57/2013/CIM-schema-cim16#WindingConnection.D" />
    <cim:PowerTransformerEnd.g>0.</cim:PowerTransformerEnd.g>
    <cim:PowerTransformerEnd.g0>0.</cim:PowerTransformerEnd.g0>
    <cim:PowerTransformerEnd.phaseAngleClock>0</cim:PowerTransformerEnd.phaseAngleClock>
    <cim:PowerTransformerEnd.r>-0.00400496</cim:PowerTransformerEnd.r>
    <cim:PowerTransformerEnd.r0>0.</cim:PowerTransformerEnd.r0>
    <cim:PowerTransformerEnd.ratedS>15.</cim:PowerTransformerEnd.ratedS>
    <cim:PowerTransformerEnd.ratedU>10.</cim:PowerTransformerEnd.ratedU>
    <cim:PowerTransformerEnd.x>0.124596</cim:PowerTransformerEnd.x>
    <cim:PowerTransformerEnd.x0>0.124542</cim:PowerTransformerEnd.x0>
    <cim:TransformerEnd.BaseVoltage rdf:resource="#_e571d826-d399-0ae5-e7f0-f589a5095843" />
    <cim:TransformerEnd.Terminal rdf:resource="#_791bd734-056d-fbcc-8f48-ef50109d2442" />
    <cim:TransformerEnd.endNumber>3</cim:TransformerEnd.endNumber>
    <cim:TransformerEnd.grounded>false</cim:TransformerEnd.grounded>
  </cim:PowerTransformerEnd>
  <cim:PowerTransformerEnd rdf:ID="_4d15c944-cdac-3374-7c53-fc2c5864a505">
    <cim:IdentifiedObject.name>3-Winding Transformer</cim:IdentifiedObject.name>
    <cim:PowerTransformerEnd.PowerTransformer rdf:resource="#_3911ce61-b725-4fc1-86ef-9446814a85f4" />
    <cim:PowerTransformerEnd.b>0.</cim:PowerTransformerEnd.b>
    <cim:PowerTransformerEnd.b0>0.</cim:PowerTransformerEnd.b0>
    <cim:PowerTransformerEnd.connectionKind rdf:resource="http://iec.ch/TC57/2013/CIM-schema-cim16#WindingConnection.Yn" />
    <cim:PowerTransformerEnd.g>0.</cim:PowerTransformerEnd.g>
    <cim:PowerTransformerEnd.g0>0.</cim:PowerTransformerEnd.g0>
    <cim:PowerTransformerEnd.phaseAngleClock>0</cim:PowerTransformerEnd.phaseAngleClock>
    <cim:PowerTransformerEnd.r>0.4846</cim:PowerTransformerEnd.r>
    <cim:PowerTransformerEnd.r0>0.</cim:PowerTransformerEnd.r0>
    <cim:PowerTransformerEnd.ratedS>55.</cim:PowerTransformerEnd.ratedS>
    <cim:PowerTransformerEnd.ratedU>110.</cim:PowerTransformerEnd.ratedU>
    <cim:PowerTransformerEnd.x>9.34334</cim:PowerTransformerEnd.x>
    <cim:PowerTransformerEnd.x0>9.34989</cim:PowerTransformerEnd.x0>
    <cim:TransformerEnd.BaseVoltage rdf:resource="#_41d1b3fb-1ebf-fa0d-7911-edaef51f0adf" />
    <cim:TransformerEnd.Terminal rdf:resource="#_fd0f4f18-9980-5d2c-18ac-4d3e63142f1b" />
    <cim:TransformerEnd.endNumber>2</cim:TransformerEnd.endNumber>
    <cim:TransformerEnd.grounded>true</cim:TransformerEnd.grounded>
    <cim:TransformerEnd.rground>0.</cim:TransformerEnd.rground>
    <cim:TransformerEnd.xground>0.</cim:TransformerEnd.xground>
  </cim:PowerTransformerEnd>
  <cim:PowerTransformerEnd rdf:ID="_cd271602-640a-7421-819a-7d96b4030efd">
    <cim:IdentifiedObject.name>3-Winding Transformer</cim:IdentifiedObject.name>
    <cim:PowerTransformerEnd.PowerTransformer rdf:resource="#_3911ce61-b725-4fc1-86ef-9446814a85f4" />
    <cim:PowerTransformerEnd.b>-9.51739e-7</cim:PowerTransformerEnd.b>
    <cim:PowerTransformerEnd.b0>0.</cim:PowerTransformerEnd.b0>
    <cim:PowerTransformerEnd.connectionKind rdf:resource="http://iec.ch/TC57/2013/CIM-schema-cim16#WindingConnection.Yn" />
    <cim:PowerTransformerEnd.g>4.18526e-7</cim:PowerTransformerEnd.g>
    <cim:PowerTransformerEnd.g0>0.</cim:PowerTransformerEnd.g0>
    <cim:PowerTransformerEnd.phaseAngleClock>0</cim:PowerTransformerEnd.phaseAngleClock>
    <cim:PowerTransformerEnd.r>2.11862</cim:PowerTransformerEnd.r>
    <cim:PowerTransformerEnd.r0>0.</cim:PowerTransformerEnd.r0>
    <cim:PowerTransformerEnd.ratedS>55.</cim:PowerTransformerEnd.ratedS>
    <cim:PowerTransformerEnd.ratedU>230.</cim:PowerTransformerEnd.ratedU>
    <cim:PowerTransformerEnd.x>115.871</cim:PowerTransformerEnd.x>
    <cim:PowerTransformerEnd.x0>115.9</cim:PowerTransformerEnd.x0>
    <cim:TransformerEnd.BaseVoltage rdf:resource="#_3d1fcabe-97b1-1abd-fb1c-dac9d8d244f5" />
    <cim:TransformerEnd.Terminal rdf:resource="#_65093fa0-eb90-4ff0-e549-1cf7269a52f1" />
    <cim:TransformerEnd.endNumber>1</cim:TransformerEnd.endNumber>
    <cim:TransformerEnd.grounded>true</cim:TransformerEnd.grounded>
    <cim:TransformerEnd.rground>0.</cim:TransformerEnd.rground>
    <cim:TransformerEnd.xground>0.</cim:TransformerEnd.xground>
  </cim:PowerTransformerEnd>
  <cim:LoadArea rdf:ID="_5876edde-1601-b4c8-32b8-322922b3afd4">
    <cim:IdentifiedObject.name>Load1</cim:IdentifiedObject.name>
  </cim:LoadArea>
  <cim:RegulatingControl rdf:ID="_51bd0010-d296-f638-88f7-c2311f09f97f">
    <cim:IdentifiedObject.name>External Grid</cim:IdentifiedObject.name>
    <cim:RegulatingControl.Terminal rdf:resource="#_41ddcb2d-1888-22b1-711a-28cfcd146789" />
    <cim:RegulatingControl.mode rdf:resource="http://iec.ch/TC57/2013/CIM-schema-cim16#RegulatingControlModeKind.voltage" />
  </cim:RegulatingControl>
  <cim:LoadResponseCharacteristic rdf:ID="_8d50361c-5afa-1d25-418f-96392e2ebfb2">
    <cim:IdentifiedObject.name>LRC_ConstantImpedance</cim:IdentifiedObject.name>
    <cim:LoadResponseCharacteristic.exponentModel>false</cim:LoadResponseCharacteristic.exponentModel>
    <cim:LoadResponseCharacteristic.pConstantCurrent>0.</cim:LoadResponseCharacteristic.pConstantCurrent>
    <cim:LoadResponseCharacteristic.pConstantImpedance>1.</cim:LoadResponseCharacteristic.pConstantImpedance>
    <cim:LoadResponseCharacteristic.pConstantPower>0.</cim:LoadResponseCharacteristic.pConstantPower>
    <cim:LoadResponseCharacteristic.qConstantCurrent>0.</cim:LoadResponseCharacteristic.qConstantCurrent>
    <cim:LoadResponseCharacteristic.qConstantImpedance>1.</cim:LoadResponseCharacteristic.qConstantImpedance>
    <cim:LoadResponseCharacteristic.qConstantPower>0.</cim:LoadResponseCharacteristic.qConstantPower>
  </cim:LoadResponseCharacteristic>
  <cim:ConnectivityNode rdf:ID="_a3f5e488-4a76-4a87-8ff6-7247f1398359">
    <cim:ConnectivityNode.ConnectivityNodeContainer rdf:resource="#_dac12fbb-d7e0-250f-af8d-f49e726b09e5" />
    <cim:IdentifiedObject.name>Node3</cim:IdentifiedObject.name>
  </cim:ConnectivityNode>
  <cim:ConnectivityNode rdf:ID="_5f7d6ecd-fb6d-4be8-84b7-967ef90709ca">
    <cim:ConnectivityNode.ConnectivityNodeContainer rdf:resource="#_c67090ec-6a24-d763-851e-567b8fcfde32" />
    <cim:IdentifiedObject.name>Node2</cim:IdentifiedObject.name>
  </cim:ConnectivityNode>
  <cim:ConnectivityNode rdf:ID="_fdb35a96-d251-43f5-b5cd-46f3c4424c01">
    <cim:ConnectivityNode.ConnectivityNodeContainer rdf:resource="#_bf9150a8-6eb7-f4f8-656e-7fe1f41dd6ac" />
    <cim:IdentifiedObject.name>Node4</cim:IdentifiedObject.name>
  </cim:ConnectivityNode>
  <cim:GeographicalRegion rdf:ID="_a57fff8f-36b4-885b-35bb-ca617880cd2a">
    <cim:IdentifiedObject.name>www.unal.edu.co</cim:IdentifiedObject.name>
  </cim:GeographicalRegion>
  <cim:VoltageLevel rdf:ID="_bf9150a8-6eb7-f4f8-656e-7fe1f41dd6ac">
    <cim:IdentifiedObject.name>Node4</cim:IdentifiedObject.name>
    <cim:VoltageLevel.BaseVoltage rdf:resource="#_e571d826-d399-0ae5-e7f0-f589a5095843" />
    <cim:VoltageLevel.Substation rdf:resource="#_654bdcca-2806-2db9-6c64-bf2ebb0ea915" />
  </cim:VoltageLevel>
  <cim:VoltageLevel rdf:ID="_dac12fbb-d7e0-250f-af8d-f49e726b09e5">
    <cim:IdentifiedObject.name>Node3</cim:IdentifiedObject.name>
    <cim:VoltageLevel.BaseVoltage rdf:resource="#_41d1b3fb-1ebf-fa0d-7911-edaef51f0adf" />
    <cim:VoltageLevel.Substation rdf:resource="#_654bdcca-2806-2db9-6c64-bf2ebb0ea915" />
  </cim:VoltageLevel>
  <cim:VoltageLevel rdf:ID="_c67090ec-6a24-d763-851e-567b8fcfde32">
    <cim:IdentifiedObject.name>Node2</cim:IdentifiedObject.name>
    <cim:VoltageLevel.BaseVoltage rdf:resource="#_3d1fcabe-97b1-1abd-fb1c-dac9d8d244f5" />
    <cim:VoltageLevel.Substation rdf:resource="#_654bdcca-2806-2db9-6c64-bf2ebb0ea915" />
  </cim:VoltageLevel>
  <cim:Substation rdf:ID="_654bdcca-2806-2db9-6c64-bf2ebb0ea915">
    <cim:IdentifiedObject.name>Grid</cim:IdentifiedObject.name>
    <cim:Substation.Region rdf:resource="#_5a8e3359-dec2-8733-33dc-b70d6678334c" />
  </cim:Substation>
  <cim:SubGeographicalRegion rdf:ID="_5a8e3359-dec2-8733-33dc-b70d6678334c">
    <cim:IdentifiedObject.name>Grid</cim:IdentifiedObject.name>
    <cim:SubGeographicalRegion.Region rdf:resource="#_a57fff8f-36b4-885b-35bb-ca617880cd2a" />
  </cim:SubGeographicalRegion>
  <cim:ExternalNetworkInjection rdf:ID="_4fe52e09-802d-4da0-a346-1ebcc83324cc">
    <cim:Equipment.EquipmentContainer rdf:resource="#_c67090ec-6a24-d763-851e-567b8fcfde32" />
    <cim:ExternalNetworkInjection.governorSCD>0.</cim:ExternalNetworkInjection.governorSCD>
    <cim:ExternalNetworkInjection.maxInitialSymShCCurrent>25102.2</cim:ExternalNetworkInjection.maxInitialSymShCCurrent>
    <cim:ExternalNetworkInjection.maxP>100000.</cim:ExternalNetworkInjection.maxP>
    <cim:ExternalNetworkInjection.maxQ>9999.</cim:ExternalNetworkInjection.maxQ>
    <cim:ExternalNetworkInjection.maxR0ToX0Ratio>0.1</cim:ExternalNetworkInjection.maxR0ToX0Ratio>
    <cim:ExternalNetworkInjection.maxR1ToX1Ratio>0.1</cim:ExternalNetworkInjection.maxR1ToX1Ratio>
    <cim:ExternalNetworkInjection.maxZ0ToZ1Ratio>1.</cim:ExternalNetworkInjection.maxZ0ToZ1Ratio>
    <cim:ExternalNetworkInjection.minInitialSymShCCurrent>20081.7</cim:ExternalNetworkInjection.minInitialSymShCCurrent>
    <cim:ExternalNetworkInjection.minP>0.</cim:ExternalNetworkInjection.minP>
    <cim:ExternalNetworkInjection.minQ>-9999.</cim:ExternalNetworkInjection.minQ>
    <cim:ExternalNetworkInjection.minR0ToX0Ratio>0.1</cim:ExternalNetworkInjection.minR0ToX0Ratio>
    <cim:ExternalNetworkInjection.minR1ToX1Ratio>0.1</cim:ExternalNetworkInjection.minR1ToX1Ratio>
    <cim:ExternalNetworkInjection.minZ0ToZ1Ratio>1.</cim:ExternalNetworkInjection.minZ0ToZ1Ratio>
    <cim:IdentifiedObject.name>External Grid</cim:IdentifiedObject.name>
    <cim:RegulatingCondEq.RegulatingControl rdf:resource="#_51bd0010-d296-f638-88f7-c2311f09f97f" />
  </cim:ExternalNetworkInjection>
  <cim:RatioTapChanger rdf:ID="_be3cb410-6c0c-a37a-5c8b-85e022179e7e">
    <cim:IdentifiedObject.name>3-Winding Transformer</cim:IdentifiedObject.name>
    <cim:RatioTapChanger.TransformerEnd rdf:resource="#_cd271602-640a-7421-819a-7d96b4030efd" />
    <cim:RatioTapChanger.stepVoltageIncrement>1.</cim:RatioTapChanger.stepVoltageIncrement>
    <cim:RatioTapChanger.tculControlMode rdf:resource="http://iec.ch/TC57/2013/CIM-schema-cim16#TransformerControlMode.volt" />
    <cim:TapChanger.highStep>23</cim:TapChanger.highStep>
    <cim:TapChanger.lowStep>1</cim:TapChanger.lowStep>
    <cim:TapChanger.ltcFlag>false</cim:TapChanger.ltcFlag>
    <cim:TapChanger.neutralStep>6</cim:TapChanger.neutralStep>
    <cim:TapChanger.neutralU>230.</cim:TapChanger.neutralU>
    <cim:TapChanger.normalStep>5</cim:TapChanger.normalStep>
  </cim:RatioTapChanger>
</rdf:RDF>