<?xml version="1.0" encoding="UTF-8"?>
<!-- Created with PowerFactory 20.0.6.0 (digcimdb.dll ServicePack 0) -->
<rdf:RDF xmlns:cim="http://iec.ch/TC57/2013/CIM-schema-cim16#" xmlns:entsoe="http://entsoe.eu/CIM/SchemaExtension/3/1#" xmlns:md="http://iec.ch/TC57/61970-552/ModelDescription/1#" xmlns:rdf="http://www.w3.org/1999/02/22-rdf-syntax-ns#">
  <md:FullModel rdf:about="urn:uuid:03a2a506-21ed-46dc-b422-43054d80f733">
    <md:Model.DependentOn rdf:resource="urn:uuid:4f8e29db-ffa9-49f4-8a2b-35ecaea3b41b" />
    <md:Model.created>2021-08-05T13:27:38Z</md:Model.created>
    <md:Model.modelingAuthoritySet>www.unal.edu.co</md:Model.modelingAuthoritySet>
    <md:Model.profile>http://entsoe.eu/CIM/Topology/4/1</md:Model.profile>
    <md:Model.scenarioTime>2021-07-22T16:07:23Z</md:Model.scenarioTime>
  </md:FullModel>
  <cim:Terminal rdf:about="#_3e500fc3-2f5e-0658-9d00-78af56290a32">
    <cim:Terminal.TopologicalNode rdf:resource="#_262d5b2a-15dc-accc-446a-59eb549096ca" />
  </cim:Terminal>
  <cim:Terminal rdf:about="#_ef328393-729b-65d9-7e2c-b759af3a9f3d">
    <cim:Terminal.TopologicalNode rdf:resource="#_3e639c8c-f404-5d6c-5aaa-d1a90f5912da" />
  </cim:Terminal>
  <cim:Terminal rdf:about="#_539e145a-9c83-1d88-f6a4-fafaaf1f0867">
    <cim:Terminal.TopologicalNode rdf:resource="#_bfd89b70-a14e-5f41-c134-ea4727a81516" />
  </cim:Terminal>
  <cim:Terminal rdf:about="#_41ddcb2d-1888-22b1-711a-28cfcd146789">
    <cim:Terminal.TopologicalNode rdf:resource="#_bfd89b70-a14e-5f41-c134-ea4727a81516" />
  </cim:Terminal>
  <cim:Terminal rdf:about="#_8d01a278-bd44-ba93-1017-ea819795d2a1">
    <cim:Terminal.TopologicalNode rdf:resource="#_3e639c8c-f404-5d6c-5aaa-d1a90f5912da" />
  </cim:Terminal>
  <cim:Terminal rdf:about="#_791bd734-056d-fbcc-8f48-ef50109d2442">
    <cim:Terminal.TopologicalNode rdf:resource="#_3e639c8c-f404-5d6c-5aaa-d1a90f5912da" />
  </cim:Terminal>
  <cim:Terminal rdf:about="#_ba53000f-9a9f-3823-a101-42c31e56b31c">
    <cim:Terminal.TopologicalNode rdf:resource="#_262d5b2a-15dc-accc-446a-59eb549096ca" />
  </cim:Terminal>
  <cim:Terminal rdf:about="#_fd0f4f18-9980-5d2c-18ac-4d3e63142f1b">
    <cim:Terminal.TopologicalNode rdf:resource="#_262d5b2a-15dc-accc-446a-59eb549096ca" />
  </cim:Terminal>
  <cim:Terminal rdf:about="#_65093fa0-eb90-4ff0-e549-1cf7269a52f1">
    <cim:Terminal.TopologicalNode rdf:resource="#_bfd89b70-a14e-5f41-c134-ea4727a81516" />
  </cim:Terminal>
  <cim:ConnectivityNode rdf:about="#_a3f5e488-4a76-4a87-8ff6-7247f1398359">
    <cim:ConnectivityNode.TopologicalNode rdf:resource="#_262d5b2a-15dc-accc-446a-59eb549096ca" />
  </cim:ConnectivityNode>
  <cim:ConnectivityNode rdf:about="#_5f7d6ecd-fb6d-4be8-84b7-967ef90709ca">
    <cim:ConnectivityNode.TopologicalNode rdf:resource="#_bfd89b70-a14e-5f41-c134-ea4727a81516" />
  </cim:ConnectivityNode>
  <cim:ConnectivityNode rdf:about="#_fdb35a96-d251-43f5-b5cd-46f3c4424c01">
    <cim:ConnectivityNode.TopologicalNode rdf:resource="#_3e639c8c-f404-5d6c-5aaa-d1a90f5912da" />
  </cim:ConnectivityNode>
  <cim:TopologicalNode rdf:ID="_262d5b2a-15dc-accc-446a-59eb549096ca">
    <cim:IdentifiedObject.name>Node3</cim:IdentifiedObject.name>
    <cim:TopologicalNode.BaseVoltage rdf:resource="#_41d1b3fb-1ebf-fa0d-7911-edaef51f0adf" />
    <cim:TopologicalNode.ConnectivityNodeContainer rdf:resource="#_dac12fbb-d7e0-250f-af8d-f49e726b09e5" />
  </cim:TopologicalNode>
  <cim:TopologicalNode rdf:ID="_3e639c8c-f404-5d6c-5aaa-d1a90f5912da">
    <cim:IdentifiedObject.name>Node4</cim:IdentifiedObject.name>
    <cim:TopologicalNode.BaseVoltage rdf:resource="#_e571d826-d399-0ae5-e7f0-f589a5095843" />
    <cim:TopologicalNode.ConnectivityNodeContainer rdf:resource="#_bf9150a8-6eb7-f4f8-656e-7fe1f41dd6ac" />
  </cim:TopologicalNode>
  <cim:TopologicalNode rdf:ID="_bfd89b70-a14e-5f41-c134-ea4727a81516">
    <cim:IdentifiedObject.name>Node2</cim:IdentifiedObject.name>
    <cim:TopologicalNode.BaseVoltage rdf:resource="#_3d1fcabe-97b1-1abd-fb1c-dac9d8d244f5" />
    <cim:TopologicalNode.ConnectivityNodeContainer rdf:resource="#_c67090ec-6a24-d763-851e-567b8fcfde32" />
  </cim:TopologicalNode>
</rdf:RDF>